date,tot,male,female,gs,jh,hs,vt,sc,bs,ms,m,s,d,w,nm,moth,ai,asian,pi,bl,wh,roth,hisp,nhisp,ft,pt,alt20,a20,a30,a40,a50,a60,a70
1993-10,2,0,2,0,0,0,0,2,0,0,1,0,1,0,0,0,0,0,0,0,2,0,0,2,2,0,0,0,0,1,0,0,0
1993-11,55,15,40,0,2,4,3,19,9,18,39,0,8,0,7,1,0,1,0,0,53,0,0,54,41,14,0,2,11,18,12,7,4
1993-12,77,19,58,0,2,8,3,28,12,24,55,0,10,2,9,1,0,1,0,0,75,0,0,76,57,20,0,3,16,27,15,10,5
1994-01,89,19,70,0,2,9,3,29,17,29,66,0,11,2,9,1,0,1,0,0,87,0,0,88,64,25,0,4,17,33,17,11,6
1994-02,97,20,77,0,2,11,3,32,20,29,73,0,12,2,9,1,0,1,0,0,95,0,0,96,69,28,0,4,20,35,18,13,6
1994-03,115,28,87,0,2,12,5,36,26,34,81,1,13,3,16,1,0,1,0,0,113,0,0,114,81,34,0,4,23,41,22,17,7
1994-04,135,32,103,0,2,14,9,39,30,41,93,1,16,4,20,1,0,1,0,0,133,0,0,134,96,39,0,5,26,50,25,21,7
1994-05,166,40,126,0,2,17,10,46,40,51,114,2,17,4,27,2,0,1,0,0,164,0,0,165,117,49,0,6,34,59,32,26,8
1994-06,211,50,161,0,2,27,10,60,49,63,151,3,19,6,30,2,0,1,0,0,209,0,0,210,155,56,0,6,41,70,50,32,10
1994-07,274,60,214,0,2,37,10,74,65,86,189,4,25,7,47,2,0,1,0,0,272,0,0,273,204,70,0,12,58,85,60,43,14
1994-08,343,66,277,0,2,46,12,96,83,104,225,7,35,8,66,2,0,1,0,4,337,0,1,341,261,82,0,20,83,104,69,50,15
1994-09,373,69,304,0,2,47,17,105,93,109,248,7,38,8,70,2,0,1,0,6,365,0,3,369,286,87,0,26,89,116,74,51,15
1994-10,392,72,320,0,2,50,18,109,100,113,260,8,38,10,74,2,0,2,0,6,383,0,3,388,301,91,1,28,94,122,77,51,17
1994-11,405,76,329,0,2,52,21,111,102,117,269,8,39,10,77,2,0,2,0,6,396,0,5,399,312,93,1,29,99,126,80,51,17
1994-12,427,81,346,0,2,55,22,122,106,120,287,8,41,10,79,2,0,2,0,6,418,0,6,420,330,97,1,29,103,136,86,53,17
1995-01,461,89,372,0,2,61,24,131,112,131,315,8,42,10,84,2,0,2,0,6,451,1,7,453,360,101,1,31,113,148,93,56,17
1995-02,488,93,395,0,2,63,26,140,121,136,332,9,44,11,90,2,0,2,0,7,477,1,7,480,382,106,1,33,124,156,97,57,18
1995-03,537,108,429,0,2,73,33,146,130,153,360,10,50,12,102,3,0,2,0,8,525,1,8,528,419,118,1,35,130,174,111,65,19
1995-04,561,112,449,0,2,78,36,156,131,158,374,10,53,12,109,3,0,2,0,9,548,1,8,552,438,123,1,37,136,185,113,67,20
1995-05,569,114,455,0,2,78,37,160,132,160,379,10,53,12,112,3,0,2,0,9,556,1,8,560,446,123,1,37,137,190,114,68,20
1995-06,588,120,468,0,2,79,38,164,137,168,393,10,53,13,116,3,0,2,0,10,574,1,8,579,457,131,1,38,140,198,115,72,22
1995-07,650,141,508,0,2,87,41,180,154,185,427,11,60,15,129,7,0,2,0,11,633,2,9,639,499,150,1,42,155,215,128,81,25
1995-08,687,147,539,0,2,88,43,190,170,193,451,12,66,15,135,7,0,2,0,11,669,2,9,675,530,156,1,45,162,225,139,86,26
1995-09,710,149,560,0,2,91,45,197,176,198,468,12,69,15,137,8,0,2,0,11,692,2,9,698,545,164,1,46,170,235,141,88,26
1995-10,755,156,598,0,2,93,49,210,193,207,500,13,73,17,142,9,0,2,0,11,737,2,10,742,583,171,2,50,190,248,147,89,26
1995-11,799,162,636,0,2,97,52,217,204,226,535,15,76,18,145,9,0,2,0,12,779,3,10,786,623,175,2,54,204,261,153,95,26
1995-12,822,165,656,0,2,101,52,220,213,233,554,15,78,18,147,9,0,2,0,13,801,3,10,809,642,179,2,59,211,268,157,95,26
1996-01,850,166,683,0,2,103,56,231,219,238,573,17,82,18,150,9,0,2,0,13,828,4,10,837,666,183,2,60,222,279,161,96,26
1996-02,869,167,701,0,2,105,56,238,225,242,584,18,85,18,154,9,0,2,0,14,846,4,10,856,683,185,2,62,230,285,164,96,26
1996-03,895,169,725,0,2,107,57,249,229,250,598,20,90,19,158,9,0,2,0,15,871,4,10,882,705,189,2,64,239,293,171,96,26
1996-04,917,173,743,0,2,113,57,253,237,254,615,20,92,20,160,9,0,2,0,16,892,4,10,904,718,198,2,65,248,298,172,99,29
1996-05,932,177,754,0,2,113,59,258,240,259,623,20,94,21,164,9,0,2,0,17,905,5,11,918,732,199,3,65,252,304,175,100,29
1996-06,968,185,782,0,2,116,61,276,248,264,642,21,97,22,176,9,0,2,0,17,941,5,11,954,757,210,3,68,268,312,182,101,30
1996-07,1042,192,849,0,2,129,69,299,264,278,682,22,109,25,194,9,0,2,0,20,1012,5,12,1027,813,228,3,80,288,335,192,109,31
1996-08,1065,196,868,0,2,133,71,307,269,282,696,22,116,25,196,9,0,2,0,20,1035,5,12,1050,833,231,3,80,296,345,194,112,31
1996-09,1072,197,874,0,2,134,72,308,271,284,700,23,116,25,198,9,0,2,0,20,1042,5,12,1057,840,231,3,81,301,346,194,112,31
1996-10,1513,276,1236,0,3,195,101,433,378,402,989,29,170,36,274,14,0,4,0,26,1468,11,19,1490,1188,324,5,112,411,484,288,158,51
1996-11,1651,304,1346,0,4,201,111,476,414,444,1076,31,184,43,299,17,0,5,0,31,1599,12,19,1628,1287,363,5,123,442,529,313,172,63
1996-12,1760,331,1428,0,4,216,118,507,447,467,1145,33,197,51,316,17,0,5,0,35,1702,14,21,1735,1359,400,5,130,469,561,334,185,72
1997-01,1835,346,1488,0,4,225,121,529,469,486,1192,38,212,53,322,17,0,6,0,38,1773,14,21,1810,1421,413,5,133,486,590,346,194,77
1997-02,1878,351,1526,0,4,227,127,538,483,498,1216,40,222,53,328,18,0,6,0,40,1814,14,22,1852,1456,421,5,135,493,607,357,197,80
1997-03,1905,353,1551,0,4,228,128,546,492,506,1233,40,229,53,331,18,0,6,0,41,1840,14,23,1878,1473,431,5,137,495,619,362,203,80
1997-04,1926,360,1565,0,4,233,128,549,498,513,1245,40,232,55,335,18,0,6,0,41,1861,14,23,1899,1491,434,5,138,500,628,363,206,82
1997-05,1962,369,1592,0,6,240,132,559,505,519,1277,40,234,55,337,18,0,6,0,43,1894,15,23,1935,1514,447,5,140,508,638,372,211,84
1997-06,2000,376,1623,0,6,243,134,575,514,527,1304,41,239,56,341,18,0,6,0,47,1928,15,24,1972,1540,459,5,142,518,653,377,215,86
1997-07,2016,377,1638,0,7,244,136,582,516,530,1315,41,242,56,343,18,0,6,0,49,1942,15,24,1988,1553,462,5,143,523,659,380,216,86
1997-08,2037,380,1656,0,7,247,137,585,522,538,1332,41,244,57,344,18,0,6,0,49,1963,15,24,2009,1566,470,5,144,527,666,386,218,87
1997-09,2048,381,1666,0,7,249,139,589,523,540,1340,41,245,59,344,18,0,6,0,50,1973,15,24,2020,1574,473,5,145,529,670,389,219,87
1997-10,2055,382,1672,0,7,249,139,591,526,542,1342,41,246,60,347,18,0,6,0,51,1979,15,24,2027,1580,474,5,147,530,673,390,219,87
1997-11,2057,382,1674,0,7,249,139,592,527,542,1343,42,246,60,347,18,0,6,0,51,1981,15,24,2029,1581,475,5,147,530,674,390,219,88
1997-12,2064,384,1679,0,7,251,139,593,531,542,1349,42,246,61,347,18,0,6,0,51,1988,15,24,2036,1585,478,5,147,532,677,390,220,89
1998-01,2066,385,1680,0,7,251,139,593,532,543,1350,42,246,61,348,18,0,6,0,51,1990,15,24,2038,1587,478,5,148,532,678,390,220,89
1998-02,2176,420,1754,0,7,260,148,625,556,579,1423,44,261,63,365,19,0,6,0,53,2097,16,26,2146,1668,507,5,156,553,711,415,238,94
1998-03,2268,437,1829,0,7,272,151,648,583,606,1479,47,269,70,383,19,0,6,0,56,2186,16,27,2237,1736,531,5,161,568,740,435,250,105
1998-04,2370,457,1911,0,9,280,162,672,619,627,1547,51,282,75,393,21,0,6,0,59,2285,16,27,2339,1812,557,6,168,590,771,458,261,112
1998-05,2469,484,1983,0,10,291,170,697,652,648,1606,53,294,81,413,21,0,6,0,59,2382,18,28,2437,1882,586,6,173,606,803,483,272,122
1998-06,2544,499,2043,0,10,297,178,720,667,671,1651,57,306,83,425,21,0,7,0,61,2453,19,28,2512,1931,612,6,177,620,821,505,282,128
1998-07,2623,516,2105,0,11,309,183,737,685,697,1697,58,322,87,437,21,0,8,0,62,2529,20,30,2589,1988,634,6,181,628,839,530,298,136
1998-08,2661,526,2133,0,12,313,185,746,695,709,1720,59,327,90,441,23,0,8,0,62,2567,20,32,2625,2015,645,6,182,637,851,537,304,139
1998-09,2724,541,2181,0,12,319,191,758,709,734,1759,59,337,93,451,24,0,8,0,64,2625,23,33,2687,2066,657,6,188,652,870,550,309,143
1998-10,2751,550,2199,0,13,320,192,764,719,742,1777,59,341,95,454,24,0,8,0,65,2651,23,33,2714,2084,666,6,191,656,878,555,315,144
1998-11,2772,557,2213,0,13,322,193,770,726,747,1789,59,344,97,458,24,0,8,0,66,2671,23,33,2735,2101,670,6,192,660,885,561,317,145
1998-12,2790,558,2230,0,13,325,194,773,729,755,1799,59,348,98,461,24,0,8,0,67,2688,23,33,2753,2115,674,6,193,663,892,567,317,146
1999-01,2806,560,2244,0,13,327,197,777,733,758,1806,60,351,99,464,25,0,8,0,69,2702,23,33,2769,2129,676,6,195,666,899,571,317,146
1999-02,2818,560,2256,0,14,328,198,778,736,763,1814,62,352,100,464,25,0,8,0,69,2714,23,33,2781,2136,681,6,195,669,903,574,318,147
1999-03,2841,563,2276,0,14,331,199,785,742,769,1825,62,356,101,471,25,0,8,0,69,2737,23,34,2803,2154,686,6,197,677,910,578,319,148
1999-04,2867,568,2297,0,14,336,199,793,749,775,1843,63,359,102,474,25,0,8,0,70,2762,23,34,2829,2176,690,6,198,683,919,585,322,148
1999-05,2890,573,2315,0,14,336,201,800,755,783,1858,64,361,102,478,26,0,8,0,70,2784,24,34,2852,2194,695,6,199,688,925,590,327,149
1999-06,2908,576,2330,0,14,337,203,803,759,791,1869,64,364,102,482,26,0,8,0,72,2800,24,35,2869,2210,697,6,202,692,927,596,329,149
1999-07,2937,586,2349,0,14,338,204,808,767,805,1886,64,370,102,486,28,0,8,0,72,2827,26,35,2898,2232,704,6,203,697,931,606,336,151
1999-08,2986,609,2375,0,14,340,204,814,783,830,1918,65,374,104,496,28,0,8,0,73,2874,27,35,2947,2273,712,6,203,706,943,620,346,155
1999-09,3012,622,2388,0,14,343,205,819,789,841,1934,65,379,105,499,28,0,8,0,73,2900,27,37,2971,2295,716,6,203,711,951,628,348,158
1999-10,3039,633,2404,0,14,344,206,828,793,853,1944,65,385,106,509,28,0,8,0,73,2927,27,38,2997,2316,722,6,206,718,958,634,349,161
1999-11,3067,635,2430,0,14,347,206,836,803,860,1962,65,391,106,512,29,0,8,0,73,2955,27,39,3024,2338,728,6,209,728,966,640,349,161
1999-12,3084,636,2446,0,14,348,208,838,809,866,1971,65,391,106,520,29,0,8,0,74,2970,28,39,3041,2349,734,6,210,737,969,642,350,161
2000-01,3107,639,2466,0,14,350,211,841,816,874,1987,65,393,107,524,29,0,8,0,75,2992,28,40,3063,2364,742,6,212,742,975,646,354,163
2000-02,3126,643,2481,0,14,350,212,846,821,882,1999,65,395,108,527,30,0,8,0,76,3009,29,40,3082,2379,746,6,212,750,978,651,356,163
2000-03,3143,652,2489,0,14,354,212,849,824,889,2010,65,396,109,531,30,0,8,0,76,3026,29,40,3099,2394,748,6,213,753,983,658,357,163
2000-04,3204,669,2533,0,14,367,219,865,837,900,2050,68,405,113,536,30,0,8,0,78,3085,29,41,3159,2437,766,6,213,755,1004,677,369,169
2000-05,3251,679,2570,0,14,375,221,882,842,915,2079,68,412,116,544,30,0,9,0,78,3130,30,42,3205,2469,781,6,216,762,1014,691,378,173
2000-06,3300,689,2608,0,14,381,224,896,853,929,2109,70,421,118,549,31,0,10,0,78,3178,30,42,3254,2503,796,6,218,768,1020,709,391,177
2000-07,3325,691,2630,0,14,384,225,909,856,934,2127,70,423,119,552,32,0,10,0,78,3203,30,42,3279,2518,806,6,218,771,1027,719,394,179
2000-08,3343,695,2644,0,14,386,227,912,860,941,2140,70,425,119,554,33,0,10,0,79,3220,30,43,3296,2533,809,6,220,773,1030,725,397,181
2000-09,3348,696,2648,0,14,386,227,914,862,942,2143,70,427,119,554,33,0,10,0,79,3225,30,43,3301,2537,810,6,220,775,1031,726,397,182
2000-10,3368,698,2666,0,14,393,230,917,865,946,2161,70,428,119,555,33,0,10,0,79,3245,30,43,3321,2552,815,6,221,781,1034,734,398,183
2000-11,3374,699,2671,0,14,393,230,921,866,947,2163,70,429,120,557,33,0,10,0,79,3251,30,43,3327,2556,817,6,221,783,1037,734,398,184
2000-12,3377,700,2673,0,14,393,230,922,866,949,2166,70,429,120,557,33,0,10,0,80,3253,30,43,3330,2558,818,6,221,784,1037,735,398,185
2001-01,3402,707,2691,0,14,397,231,927,871,959,2182,70,432,120,563,33,0,10,0,81,3277,30,43,3355,2578,823,6,224,788,1042,743,402,186
2001-02,3451,728,2719,0,14,407,236,939,885,967,2219,70,438,120,569,33,0,10,0,82,3325,30,44,3403,2611,839,6,224,792,1050,762,417,189
2001-03,3487,746,2737,0,14,410,237,946,894,983,2249,70,440,120,573,33,0,10,0,82,3361,30,44,3439,2641,845,6,224,798,1056,778,421,193
2001-04,3514,756,2754,0,14,417,238,948,901,993,2260,70,442,121,585,34,0,10,0,82,3388,30,44,3466,2661,852,6,227,804,1062,785,422,197
2001-05,3549,773,2772,0,14,423,240,959,909,1001,2284,70,446,122,591,34,0,10,0,82,3422,31,46,3499,2691,857,6,228,813,1075,791,428,197
2001-06,3570,780,2786,0,14,426,241,965,915,1006,2296,71,448,123,596,34,0,10,0,82,3443,31,46,3520,2702,867,6,229,818,1083,793,429,201
2001-07,3596,787,2805,0,14,428,244,967,923,1017,2311,71,456,124,598,34,0,10,0,82,3468,32,47,3545,2720,875,6,230,822,1089,802,435,201
2001-08,3601,788,2809,0,14,429,244,968,925,1018,2314,71,457,124,599,34,0,10,0,82,3473,32,47,3550,2724,876,6,230,823,1093,802,435,201
2001-09,3607,792,2811,0,14,429,244,971,926,1020,2319,71,457,124,600,34,0,10,0,82,3479,32,47,3556,2727,879,6,230,823,1097,804,435,201
2001-10,3638,800,2834,0,14,431,245,980,931,1034,2341,72,460,126,603,34,0,10,0,83,3508,33,49,3585,2751,886,6,232,829,1108,811,439,201
2001-11,3663,807,2852,0,14,435,246,981,941,1043,2355,72,463,128,609,34,0,10,0,83,3533,33,49,3610,2766,896,6,234,831,1116,816,444,204
2001-12,3710,820,2886,0,14,437,250,991,954,1061,2382,72,466,129,624,35,0,11,0,83,3579,33,50,3656,2801,908,6,238,839,1125,829,455,206
2002-01,3738,826,2908,0,14,439,254,996,957,1075,2401,72,469,130,628,36,0,11,0,83,3606,33,50,3683,2824,913,6,239,843,1136,835,460,207
2002-02,3765,835,2926,0,14,441,255,1003,965,1084,2419,72,470,132,634,36,0,11,0,83,3633,33,50,3710,2845,919,6,241,846,1146,841,463,210
2002-03,3789,841,2944,0,14,444,255,1006,973,1094,2429,72,475,133,641,36,0,11,0,83,3656,34,50,3734,2866,922,6,243,852,1155,846,464,211
2002-04,3823,850,2969,0,14,449,256,1015,981,1105,2455,73,477,134,645,36,0,11,0,83,3690,34,50,3768,2892,930,6,247,858,1162,858,469,211
2002-05,3848,856,2988,0,14,450,256,1018,992,1115,2470,73,481,134,650,37,0,12,0,85,3712,34,50,3793,2913,934,6,249,865,1170,865,470,211
2002-06,3880,866,3010,0,14,451,256,1027,1001,1128,2489,75,485,135,655,38,0,12,0,86,3742,35,51,3824,2940,939,6,251,873,1177,877,471,213
2002-07,3912,876,3032,0,14,456,256,1033,1010,1140,2508,75,491,136,661,38,0,12,0,86,3774,35,51,3856,2966,945,6,256,876,1184,885,478,215
2002-08,3942,880,3058,0,14,457,256,1040,1019,1153,2525,75,496,137,668,38,0,13,0,86,3803,35,52,3885,2992,949,6,257,881,1198,893,480,215
2002-09,3970,890,3076,0,14,457,256,1047,1029,1164,2539,76,500,138,675,39,0,13,0,86,3830,36,52,3913,3011,958,6,260,882,1207,904,484,215
2002-10,3989,895,3090,0,14,457,256,1053,1033,1173,2549,76,503,138,681,39,0,13,0,86,3849,36,53,3931,3028,960,6,261,888,1209,912,486,215
2002-11,4020,905,3111,0,14,457,259,1054,1045,1188,2568,76,505,139,690,39,0,13,0,89,3876,37,53,3962,3054,965,6,266,889,1221,923,488,215
2002-12,4045,912,3129,0,14,458,261,1054,1056,1199,2587,76,508,139,693,39,0,13,0,90,3900,37,53,3987,3074,970,6,267,892,1231,927,491,218
2003-01,4079,922,3153,0,14,462,264,1059,1067,1210,2611,76,512,139,699,39,0,13,0,90,3934,37,53,4021,3102,976,6,270,894,1244,940,494,218
2003-02,4134,931,3199,0,14,466,268,1072,1080,1231,2651,77,518,140,706,39,0,13,0,90,3989,37,54,4075,3141,992,6,272,908,1265,949,500,221
2003-03,4176,940,3232,0,14,468,271,1080,1091,1249,2678,77,520,144,715,39,0,13,0,91,4029,38,54,4117,3171,1004,6,274,917,1279,958,505,224
2003-04,4223,952,3267,0,14,472,275,1090,1105,1264,2710,78,528,144,721,39,0,14,0,93,4072,39,56,4162,3207,1015,6,280,925,1295,968,512,224
2003-05,4254,959,3291,0,14,474,277,1093,1116,1276,2731,78,528,147,728,39,0,14,0,94,4102,39,56,4193,3232,1021,6,282,929,1306,978,515,225
2003-06,4272,965,3303,0,14,475,277,1098,1122,1282,2746,78,529,147,730,39,0,14,0,94,4120,39,56,4211,3246,1025,6,284,931,1313,981,518,225
2003-07,4288,969,3315,0,14,477,278,1100,1129,1286,2758,78,529,147,734,39,0,14,0,94,4136,39,56,4227,3260,1027,6,285,937,1318,984,518,226
2003-08,4301,975,3322,0,14,478,278,1102,1133,1292,2769,78,529,147,736,39,0,14,0,94,4149,39,56,4240,3270,1030,6,286,938,1320,990,521,226
2003-09,4336,984,3348,0,14,479,279,1107,1150,1303,2790,78,532,148,746,39,0,14,0,95,4183,39,56,4275,3296,1039,6,292,941,1330,1000,524,229
2003-10,4368,994,3369,0,14,481,281,1112,1163,1313,2811,79,536,149,751,39,0,14,0,96,4213,40,56,4307,3322,1045,6,295,947,1339,1009,528,230
2003-11,4392,1005,3382,0,14,482,282,1117,1171,1322,2831,79,537,149,754,39,0,14,0,96,4237,40,57,4330,3343,1048,6,297,954,1345,1016,530,230
2003-12,4414,1013,3396,0,14,483,283,1120,1177,1333,2847,79,542,149,754,40,0,14,0,96,4259,40,57,4352,3361,1052,6,299,958,1351,1020,536,230
2004-01,4422,1016,3401,0,14,483,283,1120,1180,1338,2852,79,544,149,755,40,0,14,0,96,4267,40,57,4360,3368,1053,6,299,958,1355,1022,538,230
2004-02,4425,1016,3404,0,14,483,283,1120,1181,1340,2853,79,546,149,755,40,0,14,0,96,4270,40,57,4363,3371,1053,6,299,958,1355,1025,538,230
2004-03,4473,1031,3437,0,14,488,284,1127,1196,1360,2881,79,550,150,769,41,0,14,0,96,4317,41,57,4411,3411,1061,6,303,963,1369,1045,542,231
2004-04,4487,1037,3445,0,14,488,285,1128,1200,1368,2890,79,552,150,772,41,0,14,0,96,4330,42,57,4425,3423,1063,6,304,966,1373,1049,544,231
2004-05,4546,1048,3492,0,15,493,285,1135,1224,1390,2929,79,557,150,787,41,0,14,0,98,4386,43,58,4483,3473,1072,6,309,986,1392,1061,546,232
2004-06,4590,1054,3530,0,15,495,286,1146,1238,1406,2951,80,559,151,805,41,0,14,0,99,4429,43,58,4527,3509,1080,6,315,997,1406,1069,549,234
2004-07,4599,1058,3535,0,15,495,286,1147,1242,1410,2957,80,561,151,806,41,0,14,0,100,4437,43,58,4536,3518,1080,6,315,1002,1408,1071,549,234
2004-08,4672,1072,3594,0,15,501,290,1161,1262,1439,3006,80,565,151,826,41,0,14,0,105,4504,44,59,4608,3575,1096,6,326,1025,1421,1091,554,235
2004-09,4750,1096,3647,0,15,503,292,1169,1289,1478,3052,81,572,151,849,41,0,15,0,106,4578,46,61,4684,3637,1112,6,335,1050,1440,1108,561,236
2004-10,4790,1107,3676,0,15,505,293,1177,1305,1491,3079,81,580,151,854,41,0,15,0,106,4618,46,61,4724,3668,1121,6,337,1058,1452,1123,564,236
2004-11,4834,1118,3709,0,15,506,296,1187,1319,1507,3106,82,582,151,868,41,0,15,0,106,4658,50,62,4767,3705,1128,6,342,1074,1460,1134,566,238
2004-12,4877,1128,3742,0,15,509,296,1191,1334,1528,3131,82,586,151,882,41,0,15,0,107,4699,51,65,4807,3741,1135,7,347,1085,1471,1143,571,239
2005-01,4894,1133,3754,0,15,510,297,1194,1338,1536,3138,82,590,151,888,41,0,16,0,108,4714,51,65,4824,3758,1135,7,351,1089,1477,1146,571,239
2005-02,4961,1149,3805,0,15,512,300,1209,1355,1566,3183,83,596,152,902,41,0,17,0,109,4779,51,65,4891,3817,1143,7,355,1102,1493,1172,577,241
2005-03,5042,1178,3857,0,16,514,303,1222,1378,1605,3237,84,602,153,921,41,0,17,0,109,4858,53,66,4971,3881,1160,7,365,1119,1509,1195,589,244
2005-04,5099,1188,3904,0,16,519,304,1231,1399,1626,3277,84,606,154,932,42,0,17,0,109,4914,54,67,5027,3927,1171,8,370,1134,1523,1211,595,244
2005-05,5172,1201,3964,0,16,520,305,1251,1422,1654,3323,85,612,154,952,42,0,17,0,109,4985,56,68,5099,3982,1189,8,378,1149,1547,1228,602,246
2005-06,5207,1214,3985,0,16,522,305,1253,1435,1672,3347,85,614,155,960,42,0,18,0,109,5019,56,70,5132,4009,1197,8,380,1157,1556,1238,608,246
2005-07,5213,1215,3990,0,16,522,306,1253,1437,1675,3351,85,614,155,962,42,0,18,0,109,5025,56,70,5138,4014,1198,8,382,1159,1557,1239,608,246
2005-08,5244,1225,4011,0,16,523,306,1258,1450,1687,3370,86,618,155,969,42,0,18,0,109,5056,56,70,5169,4038,1205,8,387,1163,1568,1246,611,247
2005-09,5285,1236,4041,0,16,523,308,1266,1462,1706,3399,86,620,155,979,42,0,19,0,109,5096,56,70,5210,4068,1216,8,392,1171,1583,1253,617,247
2005-10,5375,1256,4111,0,16,524,312,1286,1486,1747,3461,87,626,155,999,43,0,20,0,112,5179,59,70,5300,4141,1233,8,403,1189,1609,1279,623,250
2005-11,5414,1261,4145,0,16,525,315,1297,1496,1761,3485,88,630,158,1005,44,0,20,0,112,5217,60,71,5338,4174,1239,8,404,1198,1624,1289,626,251
2005-12,5450,1268,4174,0,16,529,317,1305,1503,1776,3509,88,631,159,1015,44,0,20,0,114,5251,60,71,5374,4200,1249,8,406,1204,1637,1302,626,253
2006-01,5495,1279,4208,0,16,532,319,1313,1517,1794,3537,88,636,160,1026,44,0,21,0,114,5294,61,72,5418,4234,1260,8,413,1210,1649,1315,631,255
2006-02,5524,1287,4229,0,16,534,320,1316,1530,1804,3553,89,639,160,1035,44,0,22,0,116,5320,61,72,5447,4256,1266,8,414,1219,1654,1324,635,256
2006-03,5556,1294,4254,0,16,535,320,1323,1537,1821,3580,89,639,161,1039,44,0,22,0,116,5352,61,73,5478,4282,1272,8,417,1227,1661,1331,640,258
2006-04,5580,1298,4274,0,16,536,321,1327,1547,1829,3598,89,641,161,1043,44,0,23,0,116,5374,62,73,5502,4304,1274,8,420,1231,1671,1335,643,258
2006-05,5598,1303,4287,0,16,536,321,1330,1553,1838,3611,90,642,161,1046,44,0,23,0,117,5390,63,73,5520,4318,1278,8,421,1233,1677,1344,643,258
2006-06,5663,1318,4337,0,16,539,323,1342,1573,1866,3648,90,647,162,1067,45,0,23,0,121,5451,63,73,5585,4373,1288,8,428,1248,1697,1357,650,261
2006-07,5694,1324,4362,0,16,540,324,1348,1585,1877,3672,90,651,162,1070,45,0,24,0,122,5480,63,73,5616,4400,1292,8,432,1255,1706,1365,653,261
2006-08,5728,1328,4392,0,16,541,326,1352,1591,1898,3689,91,653,162,1083,46,0,24,0,125,5511,63,74,5649,4431,1295,8,438,1261,1717,1373,656,261
2006-09,5771,1338,4425,0,16,543,328,1362,1603,1915,3712,91,657,162,1099,46,0,24,0,126,5552,64,75,5691,4462,1307,8,442,1275,1725,1383,663,261
2006-10,5801,1343,4450,0,16,547,330,1368,1614,1922,3733,91,660,163,1103,47,0,24,0,126,5580,66,75,5721,4487,1312,8,444,1283,1731,1392,667,262
2006-11,5833,1349,4476,0,16,547,330,1377,1626,1933,3751,91,662,164,1114,47,0,24,0,128,5610,66,75,5753,4508,1323,8,452,1285,1741,1401,670,262
2006-12,5876,1358,4510,0,16,547,330,1387,1642,1950,3778,91,665,164,1127,47,0,25,0,129,5649,67,76,5794,4541,1333,8,458,1296,1753,1410,675,262
2007-01,5897,1362,4527,0,16,547,331,1390,1647,1962,3789,91,665,165,1135,48,0,25,0,130,5669,67,76,5815,4560,1335,8,462,1302,1758,1415,676,262
2007-02,5913,1367,4538,0,16,548,331,1393,1651,1970,3797,92,669,165,1138,48,0,25,0,131,5684,67,76,5831,4572,1339,8,464,1306,1759,1422,678,262
2007-03,5940,1374,4558,0,16,549,332,1396,1659,1984,3814,92,670,166,1145,49,0,26,0,131,5710,67,76,5858,4593,1345,8,467,1315,1765,1428,681,262
2007-04,5987,1384,4595,0,16,550,333,1402,1675,2007,3844,93,675,167,1154,50,0,28,0,131,5755,67,77,5904,4627,1358,8,470,1325,1778,1443,687,262
2007-05,5996,1387,4601,0,16,550,334,1402,1678,2012,3849,93,676,167,1157,50,0,29,0,131,5763,67,77,5913,4634,1360,8,471,1328,1778,1447,688,262
2007-06,6025,1395,4622,0,16,551,335,1406,1686,2027,3870,93,679,168,1161,50,0,29,0,132,5791,67,77,5942,4657,1366,8,473,1337,1782,1453,694,264
2007-07,6077,1413,4656,0,16,553,337,1411,1703,2053,3906,93,684,169,1171,50,0,29,0,134,5841,67,78,5993,4695,1380,8,477,1343,1798,1468,701,268
2007-08,6112,1424,4680,0,16,554,337,1415,1714,2072,3924,96,689,169,1180,50,0,29,0,135,5875,67,78,6028,4723,1387,8,479,1348,1809,1479,707,268
2007-09,6152,1438,4705,1,16,554,338,1419,1722,2098,3953,96,694,169,1185,51,0,29,0,135,5915,67,78,6068,4757,1393,8,483,1359,1822,1484,713,269
2007-10,6191,1448,4734,1,16,554,338,1424,1731,2123,3974,97,702,169,1194,51,0,29,0,136,5953,67,78,6107,4790,1398,8,487,1368,1834,1493,717,270
2007-11,6220,1458,4753,1,16,555,338,1426,1742,2138,3995,98,702,169,1201,51,0,29,0,137,5981,67,78,6136,4814,1403,8,490,1377,1842,1499,719,271
2007-12,6262,1465,4786,1,16,558,338,1435,1757,2153,4020,98,708,170,1210,52,0,29,0,137,6023,67,78,6178,4849,1409,8,493,1381,1852,1517,723,273
2008-01,6289,1469,4808,1,16,561,340,1437,1771,2159,4037,98,711,171,1216,52,0,29,0,138,6048,68,78,6205,4875,1410,8,496,1389,1862,1523,723,273
2008-02,6324,1474,4836,1,16,563,342,1444,1782,2172,4059,98,720,171,1220,52,0,29,0,140,6080,69,78,6240,4902,1418,8,498,1399,1871,1531,728,274
2008-03,6380,1485,4879,1,16,565,344,1453,1801,2196,4101,98,726,172,1227,52,0,30,0,142,6132,70,81,6293,4943,1433,8,501,1408,1885,1553,734,275
2008-04,6415,1492,4907,1,16,570,344,1458,1812,2210,4129,98,726,173,1233,52,0,30,0,142,6166,71,82,6327,4967,1444,8,503,1410,1898,1562,740,278
2008-05,6455,1504,4935,1,16,573,347,1462,1826,2226,4158,98,731,176,1236,52,0,30,0,144,6204,71,82,6367,4997,1454,8,505,1417,1908,1575,747,279
2008-06,6502,1513,4973,1,16,575,348,1470,1840,2248,4192,98,734,177,1242,55,0,30,0,146,6248,72,83,6413,5040,1458,8,511,1426,1920,1588,752,281
2008-07,6532,1521,4995,1,16,576,348,1471,1854,2262,4210,98,735,181,1249,55,0,31,0,146,6277,72,84,6442,5064,1464,8,516,1428,1927,1595,758,284
2008-08,6562,1536,5010,1,16,576,348,1474,1863,2280,4234,98,737,181,1253,55,0,31,0,147,6305,73,84,6472,5087,1471,8,519,1436,1933,1603,760,287
2008-09,6596,1547,5033,1,16,576,348,1480,1875,2296,4255,99,741,184,1257,56,0,31,0,147,6337,75,85,6505,5117,1475,8,522,1441,1939,1617,763,290
2008-10,6631,1552,5063,1,16,577,349,1482,1889,2313,4274,99,746,184,1267,57,0,31,0,148,6370,76,85,6540,5148,1479,8,526,1445,1945,1630,771,290
2008-11,6660,1555,5087,1,16,579,352,1488,1896,2324,4291,99,750,185,1274,57,0,31,0,148,6398,76,85,6568,5175,1481,8,528,1447,1958,1638,775,290
2008-12,6675,1559,5097,1,17,579,352,1489,1904,2329,4302,99,753,185,1275,57,0,31,0,148,6413,76,85,6583,5188,1483,8,529,1450,1963,1642,775,292
2009-01,6699,1566,5114,1,17,579,353,1493,1914,2338,4316,99,756,185,1282,57,0,31,0,149,6434,77,85,6606,5205,1490,8,531,1455,1970,1648,778,293
2009-02,6732,1576,5137,1,17,579,355,1500,1928,2348,4339,101,760,186,1285,57,0,31,0,149,6467,77,86,6638,5234,1494,8,533,1460,1982,1659,780,294
2009-03,6773,1583,5171,1,17,581,358,1503,1942,2367,4363,101,763,190,1295,57,0,32,0,150,6505,78,87,6678,5267,1502,8,537,1467,2000,1668,781,296
2009-04,6799,1586,5194,1,17,582,358,1505,1951,2381,4376,101,764,190,1307,57,0,33,0,152,6527,79,88,6703,5289,1506,8,538,1476,2006,1675,784,296
2009-05,6822,1590,5213,1,17,584,359,1511,1955,2391,4388,101,768,191,1313,57,0,34,0,152,6548,80,88,6726,5307,1511,8,540,1479,2013,1682,788,296
2009-06,6845,1597,5229,1,17,586,360,1513,1962,2402,4403,101,770,191,1318,58,0,34,0,152,6571,80,88,6749,5327,1514,8,541,1485,2016,1692,790,297
2009-07,6861,1602,5240,1,17,586,361,1515,1969,2408,4412,101,770,191,1325,58,0,34,0,152,6587,80,88,6765,5340,1517,8,541,1489,2022,1696,792,297
2009-08,6892,1608,5265,1,17,586,361,1518,1980,2425,4432,101,772,191,1334,58,0,34,0,152,6617,81,88,6796,5365,1523,8,541,1494,2034,1704,796,299
2009-09,6941,1618,5304,1,17,588,362,1527,1998,2444,4463,102,776,192,1345,59,0,34,0,153,6664,81,88,6844,5405,1532,8,546,1503,2049,1717,802,300
2009-10,6969,1628,5322,1,17,591,363,1531,2008,2454,4480,102,779,194,1351,59,0,34,0,153,6691,82,88,6872,5425,1540,8,547,1509,2056,1726,806,301
2009-11,7002,1639,5344,1,17,592,365,1541,2017,2465,4500,102,782,196,1358,60,0,35,0,154,6721,83,90,6903,5455,1543,8,549,1515,2069,1733,811,301
2009-12,7024,1644,5361,1,17,592,366,1545,2022,2477,4518,102,783,196,1361,60,0,36,0,155,6741,83,90,6925,5474,1546,8,550,1523,2076,1737,813,301
2010-01,7043,1648,5376,1,17,593,366,1547,2027,2488,4532,102,783,196,1366,60,0,36,0,155,6760,83,91,6943,5489,1550,8,551,1528,2079,1745,815,301
2010-02,7067,1651,5397,1,17,595,367,1552,2038,2493,4547,102,785,198,1371,60,0,36,0,155,6783,83,92,6965,5506,1557,8,554,1531,2086,1751,819,302
2010-03,7100,1657,5424,1,17,595,367,1554,2052,2510,4570,103,788,198,1377,60,0,36,0,156,6815,83,92,6998,5535,1561,8,556,1539,2097,1759,823,302
2010-04,7128,1662,5447,1,17,597,367,1556,2062,2524,4587,103,788,199,1386,61,0,36,0,158,6840,83,93,7024,5561,1563,8,560,1545,2104,1768,824,303
2010-05,7153,1664,5470,1,17,597,367,1563,2072,2532,4602,103,789,199,1395,61,0,36,0,159,6863,83,93,7048,5581,1568,8,563,1548,2111,1778,826,303
2010-06,7174,1668,5487,1,17,598,367,1564,2080,2543,4613,103,791,199,1403,61,0,36,0,159,6884,83,93,7069,5599,1571,8,568,1551,2115,1785,828,303
2010-07,7206,1675,5512,1,17,599,368,1566,2095,2556,4631,103,796,203,1408,61,0,36,0,159,6915,83,93,7100,5629,1573,8,571,1558,2120,1793,834,305
2010-08,7240,1679,5542,1,17,602,369,1567,2108,2572,4657,103,797,203,1415,61,0,36,0,161,6947,83,93,7134,5657,1579,8,573,1568,2127,1804,838,305
2010-09,7264,1684,5561,1,17,603,369,1571,2114,2585,4672,103,799,204,1421,61,0,36,0,162,6969,84,93,7158,5678,1582,8,574,1573,2131,1815,841,305
2010-10,7293,1692,5582,1,17,604,369,1575,2123,2600,4690,104,800,205,1429,61,0,36,0,163,6996,84,95,7184,5703,1586,8,574,1582,2140,1823,843,306
2010-11,7317,1697,5601,1,17,604,370,1583,2129,2609,4706,104,803,205,1434,61,0,36,0,163,7020,84,95,7208,5725,1588,8,575,1585,2145,1836,845,306
2010-12,7341,1705,5617,1,17,606,370,1590,2133,2620,4720,106,805,206,1438,61,0,36,0,163,7041,86,96,7230,5747,1590,8,575,1593,2156,1839,847,306
2011-01,7360,1709,5632,1,17,606,370,1594,2138,2630,4731,108,807,207,1441,61,0,36,0,165,7058,86,96,7249,5759,1597,8,577,1595,2160,1845,851,307
2011-02,7379,1715,5645,1,17,607,370,1597,2143,2640,4742,108,809,207,1447,61,0,36,0,165,7077,86,97,7267,5777,1598,8,579,1599,2167,1850,852,307
2011-03,7403,1725,5659,1,17,607,371,1598,2156,2649,4757,108,813,207,1452,61,0,36,0,166,7099,87,97,7291,5798,1601,8,582,1605,2174,1855,854,308
2011-04,7420,1729,5672,1,17,608,371,1598,2161,2660,4769,108,814,207,1455,62,0,36,0,167,7115,87,97,7308,5810,1606,8,583,1609,2180,1857,858,308
2011-05,7448,1736,5693,1,17,608,373,1602,2169,2674,4784,109,817,207,1464,62,0,38,0,168,7139,88,97,7336,5832,1612,8,587,1611,2192,1865,859,309
2011-06,7465,1740,5706,1,17,609,373,1604,2174,2683,4794,109,818,207,1470,62,0,39,0,168,7155,88,97,7353,5847,1614,8,589,1613,2201,1868,860,309
2011-07,7478,1746,5713,1,17,609,373,1607,2179,2688,4800,110,819,207,1475,62,0,39,0,168,7167,88,97,7365,5857,1617,8,589,1616,2206,1870,863,309
2011-08,7480,1747,5714,1,17,609,373,1607,2180,2689,4802,110,819,207,1475,62,0,39,0,168,7169,88,97,7367,5859,1617,8,589,1616,2208,1870,863,309
2011-09,7480,1747,5714,1,17,609,373,1607,2180,2689,4802,110,819,207,1475,62,0,39,0,168,7169,88,97,7367,5859,1617,8,589,1616,2208,1870,863,309
2011-10,7480,1747,5714,1,17,609,373,1607,2180,2689,4802,110,819,207,1475,62,0,39,0,168,7169,88,97,7367,5859,1617,8,589,1616,2208,1870,863,309
2011-11,7480,1747,5714,1,17,609,373,1607,2180,2689,4802,110,819,207,1475,62,0,39,0,168,7169,88,97,7367,5859,1617,8,589,1616,2208,1870,863,309
2011-12,7480,1747,5714,1,17,609,373,1607,2180,2689,4802,110,819,207,1475,62,0,39,0,168,7169,88,97,7367,5859,1617,8,589,1616,2208,1870,863,309
2012-01,7480,1747,5714,1,17,609,373,1607,2180,2689,4802,110,819,207,1475,62,0,39,0,168,7169,88,97,7367,5859,1617,8,589,1616,2208,1870,863,309
2012-02,7480,1747,5714,1,17,609,373,1607,2180,2689,4802,110,819,207,1475,62,0,39,0,168,7169,88,97,7367,5859,1617,8,589,1616,2208,1870,863,309
2012-03,7480,1747,5714,1,17,609,373,1607,2180,2689,4802,110,819,207,1475,62,0,39,0,168,7169,88,97,7367,5859,1617,8,589,1616,2208,1870,863,309
2012-04,7480,1747,5714,1,17,609,373,1607,2180,2689,4802,110,819,207,1475,62,0,39,0,168,7169,88,97,7367,5859,1617,8,589,1616,2208,1870,863,309
2012-05,7480,1747,5714,1,17,609,373,1607,2180,2689,4802,110,819,207,1475,62,0,39,0,168,7169,88,97,7367,5859,1617,8,589,1616,2208,1870,863,309
2012-06,7480,1747,5714,1,17,609,373,1607,2180,2689,4802,110,819,207,1475,62,0,39,0,168,7169,88,97,7367,5859,1617,8,589,1616,2208,1870,863,309
2012-07,7480,1747,5714,1,17,609,373,1607,2180,2689,4802,110,819,207,1475,62,0,39,0,168,7169,88,97,7367,5859,1617,8,589,1616,2208,1870,863,309
2012-08,7573,1784,5770,1,17,609,374,1614,2208,2746,4866,111,823,208,1497,63,0,40,0,168,7258,91,99,7458,5931,1638,8,594,1639,2228,1897,876,314
2012-09,7603,1791,5793,1,17,609,374,1616,2218,2764,4890,112,823,208,1502,63,1,40,0,168,7287,91,100,7487,5954,1645,8,597,1647,2232,1906,881,315
2012-10,7609,1793,5797,1,17,609,374,1617,2219,2768,4894,112,823,208,1504,63,1,40,0,168,7292,92,101,7492,5959,1646,8,597,1649,2233,1908,882,315
2012-11,7624,1799,5806,1,18,609,374,1619,2226,2773,4904,112,825,208,1507,63,1,40,0,168,7307,92,101,7507,5967,1653,8,599,1649,2236,1910,886,316
2012-12,7672,1811,5842,1,18,610,374,1628,2245,2792,4927,113,833,209,1522,63,1,40,0,169,7353,93,103,7553,6007,1661,9,605,1658,2249,1920,891,318
2013-01,7716,1826,5871,1,18,610,377,1631,2261,2814,4951,113,839,210,1535,63,1,40,0,171,7393,95,106,7594,6047,1665,9,617,1668,2258,1933,895,318
2013-02,7758,1841,5898,1,18,610,378,1637,2281,2829,4975,114,842,210,1549,63,2,41,0,172,7430,97,108,7634,6085,1669,9,628,1680,2264,1941,900,318
2013-03,7775,1848,5908,2,18,611,378,1640,2288,2834,4986,114,844,210,1553,63,2,41,0,174,7445,97,108,7651,6098,1673,9,629,1685,2266,1947,903,318
2013-04,7804,1858,5927,2,18,611,379,1642,2298,2850,5008,115,845,211,1557,63,2,41,0,174,7473,98,110,7678,6118,1682,9,631,1691,2273,1953,911,318
2013-05,7810,1861,5930,2,18,612,379,1644,2300,2851,5012,115,845,211,1559,63,2,41,0,175,7478,98,110,7684,6122,1684,9,631,1692,2274,1954,913,319
2013-06,7850,1875,5956,2,18,612,379,1654,2310,2871,5035,115,846,211,1575,63,2,42,1,177,7513,99,112,7722,6153,1693,9,636,1704,2283,1966,915,319
2013-07,7863,1879,5965,2,18,612,379,1658,2316,2874,5044,115,847,211,1578,63,2,42,1,178,7525,99,113,7734,6163,1696,9,637,1705,2287,1969,918,320
2013-08,7910,1893,5998,2,18,616,380,1663,2336,2891,5070,115,852,211,1594,63,2,43,1,178,7571,99,113,7781,6203,1703,9,643,1715,2300,1977,927,321
2013-09,7937,1896,6022,2,18,617,381,1663,2344,2908,5087,115,853,212,1602,63,2,43,1,179,7597,99,114,7807,6223,1710,9,644,1725,2307,1983,929,322
2013-10,7973,1908,6046,2,18,621,381,1665,2361,2921,5106,115,853,213,1617,64,2,43,1,181,7630,100,115,7842,6250,1719,9,655,1731,2314,1985,936,323
2013-11,8005,1918,6068,2,18,622,381,1667,2374,2937,5128,115,855,213,1625,64,2,43,1,181,7662,100,115,7874,6276,1725,9,661,1734,2322,1994,942,323
2013-12,8028,1922,6087,2,18,622,381,1673,2382,2946,5144,115,856,213,1631,64,2,45,1,181,7683,100,116,7896,6295,1729,9,667,1737,2326,2004,944,323
2014-01,8033,1922,6092,2,18,623,382,1674,2382,2948,5146,115,857,213,1633,64,2,46,1,182,7686,100,116,7901,6299,1730,10,667,1740,2326,2003,945,323
2014-02,8108,1944,6145,2,18,625,383,1682,2415,2979,5196,117,861,214,1651,64,2,48,1,185,7753,103,121,7971,6358,1746,10,673,1762,2340,2020,956,327
2014-03,8141,1958,6164,2,18,625,383,1691,2424,2994,5216,118,864,215,1659,64,2,48,1,185,7784,105,122,8003,6382,1755,10,675,1768,2350,2027,963,330
2014-04,8156,1960,6177,2,18,625,384,1694,2427,3002,5225,119,865,215,1663,64,2,48,1,186,7797,106,122,8018,6392,1760,10,677,1772,2355,2026,964,332
2014-05,8172,1966,6187,2,18,625,384,1695,2433,3011,5237,119,865,215,1667,64,2,48,1,186,7813,106,122,8034,6407,1761,10,679,1777,2360,2029,965,332
2014-06,8176,1967,6190,2,18,625,384,1695,2433,3015,5240,119,865,216,1667,64,2,48,1,186,7817,106,122,8038,6411,1761,10,679,1777,2361,2033,966,332
2014-07,8212,1984,6209,2,18,626,385,1703,2443,3031,5265,119,867,216,1676,64,2,48,1,186,7853,106,122,8074,6436,1772,10,681,1783,2369,1990,973,337
2014-08,8244,1992,6233,2,18,630,385,1708,2451,3046,5290,120,868,218,1679,64,2,48,1,186,7884,107,122,8106,6461,1779,10,681,1787,2376,2056,979,337
2014-09,8273,2000,6254,2,18,632,386,1711,2461,3059,5310,120,870,218,1686,64,3,48,1,186,7912,107,123,8134,6487,1782,10,686,1790,2386,2063,983,337
2014-10,8289,2004,6266,2,18,632,386,1717,2469,3061,5323,120,870,218,1689,64,4,48,1,188,7925,107,123,8150,6499,1786,10,687,1793,2390,2068,985,338
2014-11,8294,2005,6270,2,18,632,387,1717,2471,3063,5324,120,871,218,1692,64,4,48,1,189,7929,107,123,8155,6502,1788,10,687,1793,2392,2069,986,339
2014-12,8299,2007,6273,2,18,632,387,1718,2474,3064,5329,120,871,218,1692,64,4,48,1,189,7934,107,123,8160,6504,1791,10,687,1794,2393,2070,986,339
2015-01,8331,2022,6290,2,18,632,389,1722,2485,3079,5348,120,875,218,1701,64,5,48,1,189,7965,107,123,8192,6532,1795,10,687,1804,2402,2078,991,341
2015-02,8369,2035,6315,2,18,632,390,1726,2500,3097,5372,121,878,219,1710,64,5,48,1,190,8001,108,124,8229,6563,1802,10,690,1816,2407,2092,993,343
2015-03,8388,2041,6328,2,18,632,390,1727,2505,3110,5385,121,878,220,1714,65,5,48,1,191,8019,108,125,8247,6578,1806,10,693,1819,2412,2094,998,344
2015-04,8404,2044,6341,2,18,632,390,1729,2509,3120,5394,121,879,222,1718,65,5,48,1,192,8034,108,125,8263,6591,1809,10,694,1824,2414,2097,1003,344
2015-05,8413,2050,6344,2,18,632,390,1730,2511,3126,5401,121,880,222,1719,65,5,49,1,193,8041,108,125,8272,6599,1810,10,694,1826,2419,2097,1004,344
2015-06,8438,2059,6360,2,18,632,390,1733,2519,3140,5415,121,881,223,1728,65,5,50,1,193,8064,109,127,8295,6619,1815,10,695,1833,2423,2101,1010,348
2015-07,8478,2074,6385,2,18,634,390,1737,2540,3153,5440,121,884,223,1740,65,5,51,1,195,8101,109,127,8335,6652,1822,10,698,1841,2436,2110,1015,348
2015-08,8510,2090,6401,2,18,635,390,1738,2551,3172,5465,122,884,223,1746,65,5,52,1,197,8130,109,128,8366,6680,1826,10,700,1848,2442,2124,1018,350
2015-09,8556,2101,6436,2,18,637,390,1743,2566,3196,5495,122,887,223,1759,65,5,53,1,198,8173,110,129,8411,6717,1835,10,708,1862,2450,2131,1025,352
2015-10,8578,2105,6454,2,18,637,390,1745,2573,3209,5507,122,887,223,1769,65,5,54,1,199,8193,110,130,8432,6734,1840,10,713,1869,2452,2129,1028,353
2015-11,8604,2120,6465,2,18,638,392,1748,2581,3221,5526,122,889,223,1774,65,5,55,1,199,8218,110,130,8458,6752,1848,10,718,1875,2459,2139,1031,354
2015-12,8619,2125,6475,2,18,639,392,1750,2588,3226,5535,122,892,223,1777,65,5,55,1,200,8232,110,131,8472,6764,1851,10,718,1881,2461,2145,1032,354
2016-01,8627,2128,6480,2,18,639,392,1753,2589,3230,5542,122,893,223,1777,65,6,55,1,201,8238,110,131,8480,6771,1852,10,718,1883,2464,2145,1034,355
2016-02,8662,2140,6503,2,18,640,393,1758,2601,3246,5563,123,896,223,1787,65,6,56,1,201,8272,110,131,8515,6796,1862,10,721,1888,2472,2156,1042,355
2016-03,8684,2148,6517,2,18,640,394,1762,2604,3260,5581,123,898,223,1789,65,6,56,2,202,8292,110,131,8537,6813,1867,10,723,1891,2479,2160,1046,356
2016-04,8708,2154,6535,2,18,640,394,1763,2612,3275,5596,123,900,224,1795,65,7,56,2,203,8314,110,131,8561,6836,1868,10,724,1900,2487,2161,1047,359
2016-05,8741,2167,6555,2,18,640,394,1769,2623,3291,5613,124,902,224,1808,65,7,56,2,203,8344,113,131,8594,6855,1882,10,728,1907,2495,2166,1054,362
2016-06,8757,2172,6566,2,18,641,394,1770,2629,3299,5625,124,903,225,1810,65,7,56,2,203,8360,113,131,8610,6867,1886,10,729,1911,2500,2169,1058,362
2016-07,8806,2192,6595,2,18,643,395,1778,2641,3325,5654,125,909,225,1823,65,8,56,2,205,8404,115,134,8656,6908,1894,11,738,1921,2515,2174,1066,363
2016-08,8833,2198,6616,2,18,643,396,1780,2650,3340,5667,126,912,225,1833,65,8,56,2,206,8430,115,134,8683,6932,1897,11,740,1931,2520,2181,1067,363
2016-09,8875,2211,6645,2,18,643,399,1782,2663,3364,5691,127,916,229,1842,65,8,56,2,207,8469,117,135,8724,6965,1906,11,742,1942,2527,2193,1076,366
2016-10,8888,2215,6654,2,18,643,399,1784,2666,3372,5700,127,917,229,1845,65,8,56,2,208,8481,117,135,8737,6972,1912,11,745,1943,2532,2189,1077,367
2016-11,8896,2217,6660,2,18,643,399,1785,2668,3377,5704,127,920,229,1846,65,8,56,2,208,8489,117,135,8745,6979,1913,11,745,1946,2532,2199,1077,368
2016-12,8902,2217,6666,2,18,643,399,1786,2670,3380,5708,127,920,229,1848,65,8,56,2,209,8494,117,135,8751,6984,1914,11,745,1947,2533,2202,1078,368
2017-01,8910,2218,6673,2,18,643,399,1789,2673,3382,5714,127,921,229,1849,65,9,56,2,210,8500,117,135,8759,6989,1917,11,745,1950,2534,2197,1080,369
2017-02,8929,2223,6687,2,18,643,400,1790,2680,3392,5726,127,921,229,1856,65,9,56,2,210,8519,117,136,8777,7006,1919,11,749,1954,2540,2206,1082,369
2017-03,8962,2234,6709,2,18,645,401,1795,2688,3409,5749,127,924,231,1861,65,9,56,2,213,8549,117,138,8808,7033,1925,11,752,1959,2544,2220,1089,369
2017-04,9018,2248,6751,3,18,649,403,1805,2705,3431,5785,127,927,233,1876,65,9,56,2,215,8601,119,142,8860,7079,1935,11,759,1966,2560,2227,1106,371
2017-05,9031,2250,6762,3,18,650,403,1806,2710,3437,5791,127,930,234,1879,65,9,56,2,216,8613,119,142,8873,7087,1940,12,759,1970,2562,2229,1110,371
2017-06,9036,2252,6765,3,18,650,403,1806,2711,3441,5794,127,930,234,1881,65,9,56,2,217,8617,119,142,8878,7091,1941,12,760,1971,2563,2226,1112,371
2017-07,9075,2264,6792,3,18,651,404,1810,2726,3459,5815,128,937,235,1890,65,10,57,2,218,8652,120,143,8916,7128,1943,12,764,1981,2571,2237,1120,372
2017-08,9090,2267,6804,3,18,652,404,1811,2731,3467,5820,128,939,235,1898,65,10,57,2,219,8665,121,144,8930,7143,1943,12,767,1984,2574,2243,1120,372
2017-09,9171,2310,6842,3,18,654,404,1819,2759,3510,5870,129,948,238,1916,65,10,57,2,219,8745,122,146,9009,7199,1968,12,769,1999,2583,2258,1148,382
2017-10,9193,2318,6856,3,18,654,404,1822,2769,3519,5884,129,950,238,1922,65,10,57,2,219,8766,123,146,9031,7216,1973,12,772,2006,2588,2265,1150,382
2017-11,9208,2319,6870,3,18,655,404,1823,2772,3529,5892,129,952,239,1926,65,10,57,2,221,8779,123,146,9046,7227,1977,12,774,2009,2591,2266,1154,382
2017-12,9213,2321,6873,3,18,655,404,1823,2775,3531,5894,129,952,239,1929,65,10,57,2,221,8784,123,146,9051,7230,1979,12,774,2012,2591,2269,1155,382
2018-01,9220,2322,6879,3,18,655,404,1824,2776,3536,5896,129,952,239,1934,65,10,57,2,221,8791,123,146,9058,7237,1979,12,775,2014,2593,2270,1156,382
2018-02,9270,2346,6905,3,18,657,406,1833,2792,3557,5924,130,961,239,1946,65,10,59,2,223,8837,123,146,9108,7273,1993,13,782,2024,2599,2280,1166,387
2018-03,9286,2351,6916,3,19,658,406,1835,2798,3563,5935,130,963,239,1949,65,10,59,2,223,8853,123,146,9124,7285,1997,13,783,2025,2602,2283,1172,388
2018-04,9300,2357,6924,3,19,658,406,1838,2803,3569,5946,130,964,239,1951,65,10,60,2,223,8864,125,148,9136,7295,2001,13,785,2025,2602,2170,1180,388
2018-05,9304,2357,6928,3,19,658,406,1839,2805,3570,5947,130,964,239,1954,65,10,60,2,224,8867,125,148,9140,7298,2002,13,786,2027,2602,2289,1181,388
2018-06,9345,2370,6956,3,19,659,408,1849,2817,3586,5974,131,968,239,1963,65,11,61,2,224,8906,125,148,9181,7328,2013,13,790,2032,2609,2306,1187,390
2018-07,9361,2374,6968,3,19,659,408,1851,2821,3596,5985,131,968,240,1966,66,11,61,2,224,8922,125,148,9197,7341,2016,13,791,2035,2612,2309,1192,391
2018-08,9364,2375,6970,3,19,659,409,1852,2821,3597,5986,131,968,240,1968,66,11,61,2,224,8925,125,149,9199,7343,2017,13,792,2036,2612,2308,1193,391
2018-09,9375,2375,6981,3,19,659,409,1854,2823,3604,5993,131,970,240,1970,66,11,61,2,225,8935,125,149,9210,7351,2020,13,793,2038,2613,2312,1197,391
2018-10,9385,2382,6984,3,19,659,409,1854,2829,3608,6002,131,970,240,1971,66,11,61,2,225,8943,127,150,9219,7359,2022,13,793,2040,2615,2314,1201,391
2018-11,9391,2383,6989,3,19,659,409,1856,2831,3610,6004,131,972,240,1973,66,11,61,2,225,8949,127,150,9225,7364,2023,13,794,2040,2616,2316,1203,391
2018-12,9392,2383,6990,3,19,659,409,1857,2831,3610,6005,131,972,240,1973,66,11,61,2,225,8950,127,150,9226,7365,2023,13,794,2040,2616,2316,1204,391
2019-01,9393,2383,6991,3,19,659,409,1857,2832,3610,6005,132,972,240,1973,66,11,61,2,225,8950,128,150,9227,7366,2023,13,794,2041,2616,2316,1204,391
2019-02,9414,2390,7005,3,19,659,409,1861,2840,3619,6019,132,973,241,1978,66,11,62,2,225,8970,128,151,9247,7380,2030,13,796,2044,2620,2313,1212,391
2019-03,9468,2408,7041,3,19,660,409,1870,2860,3643,6055,132,978,242,1990,66,11,64,2,226,9018,131,151,9301,7418,2046,13,802,2055,2631,2325,1224,400
2019-04,9498,2416,7063,3,19,661,410,1873,2872,3656,6073,133,981,242,1998,66,11,64,3,229,9042,133,151,9331,7441,2053,13,804,2063,2640,2330,1229,401
2019-05,9513,2422,7072,3,19,661,410,1875,2879,3662,6084,133,982,242,2001,66,11,64,3,230,9055,134,152,9345,7455,2054,13,806,2067,2641,2335,1232,401
2019-06,9552,2441,7092,3,19,661,411,1877,2892,3685,6106,134,987,244,2010,66,11,64,3,230,9094,134,153,9383,7485,2063,7,809,2082,2646,2334,1240,403
2019-07,9577,2449,7109,3,19,662,411,1882,2903,3693,6118,134,993,245,2016,66,11,64,3,231,9117,135,155,9406,7503,2070,7,811,2085,2652,2350,1244,403
2019-08,9592,2454,7119,3,19,663,411,1883,2910,3699,6127,134,993,245,2022,66,11,64,3,231,9132,135,156,9420,7514,2074,7,813,2088,2657,2345,1247,403
2019-09,9620,2463,7138,3,19,663,411,1887,2919,3714,6145,134,996,247,2027,66,11,65,3,232,9158,135,157,9447,7536,2080,7,816,2096,2662,2358,1252,404
2019-10,9664,2474,7171,3,19,664,411,1895,2932,3736,6178,134,999,247,2034,67,11,65,3,233,9201,135,157,9491,7570,2090,7,816,2101,2671,2373,1263,408
2019-11,9680,2482,7179,3,19,664,411,1895,2937,3747,6187,135,999,247,2040,67,11,65,3,234,9216,135,158,9506,7581,2095,7,818,2103,2675,2374,1266,411
2019-12,9684,2483,7182,3,19,664,411,1895,2939,3749,6190,135,999,247,2041,67,11,65,3,234,9220,135,158,9510,7584,2096,7,818,2105,2676,2375,1266,411
2020-01,9687,2483,7185,3,19,664,411,1895,2941,3750,6192,135,999,247,2042,67,11,65,3,234,9223,135,159,9512,7586,2097,7,818,2106,2678,2375,1266,411
2020-02,9696,2485,7192,3,19,664,411,1896,2943,3756,6198,135,999,247,2045,67,11,66,3,234,9230,136,160,9520,7592,2100,7,819,2111,2678,2377,1267,411
2020-03,9722,2489,7214,3,19,664,412,1898,2954,3768,6209,136,1001,249,2055,67,11,66,3,235,9255,136,160,9546,7608,2110,7,823,2114,2686,2383,1270,414
2020-04,9732,2492,7221,3,19,664,412,1900,2955,3775,6215,136,1002,249,2058,67,11,66,3,235,9265,136,160,9556,7616,2112,7,823,2116,2687,2355,1273,415
2020-05,9738,2492,7227,3,19,664,412,1901,2957,3778,6217,136,1004,249,2060,67,11,66,3,235,9271,136,160,9562,7621,2113,7,823,2117,2687,2390,1274,415
2020-06,9740,2493,7228,3,19,664,412,1902,2958,3778,6217,136,1004,249,2062,67,11,66,3,235,9273,136,160,9564,7623,2113,7,823,2118,2688,2390,1274,415
2020-07,9741,2494,7228,3,19,664,412,1902,2959,3778,6217,136,1004,249,2063,67,11,66,3,235,9274,136,160,9565,7623,2114,7,823,2119,2688,2390,1274,415
2020-08,9746,2494,7233,3,19,664,412,1903,2961,3780,6221,136,1004,249,2064,67,11,66,3,235,9279,136,160,9570,7627,2115,7,824,2120,2689,2391,1275,415
2020-09,9748,2495,7234,3,19,664,412,1903,2963,3780,6222,136,1004,249,2065,67,12,66,3,235,9280,136,160,9572,7629,2115,7,824,2122,2689,2391,1275,415
2020-10,9748,2495,7234,3,19,664,412,1903,2963,3780,6222,136,1004,249,2065,67,12,66,3,235,9280,136,160,9572,7629,2115,7,824,2122,2689,2391,1275,415
